상호명,업종대분류,업종중분류,업종소분류,도로명주소,경도,위도
청안,소매,섬유·의복·신발 소매,여성 의류 소매업,서울특별시 종로구 삼청로 48-12,126.980584283332,37.5804385683911
종로양행,소매,식료품 소매,건강보조식품 소매업,서울특별시 종로구 북촌로1길 22,126.984524666137,37.577375770965
서울풍경,음식,한식,백반/한정식,서울특별시 종로구 북촌로5길 39,126.982701586541,37.5793396850975
로마네꽁띠,음식,서양식,경양식,서울특별시 종로구 북촌로5나길 83-6,126.982394728548,37.5844032237154
화동커피,음식,비알코올 ,카페,서울특별시 종로구 율곡로3길 82,126.982260080151,37.579294569875
가평상회,소매,종합 소매,슈퍼마켓,서울특별시 종로구 북촌로15길 55,126.983481583568,37.5845385297901
최영혁세무사사무소,과학·기술,회계·세무,세무사,서울특별시 종로구 율곡로 53,126.985124816707,37.5765919830369
징광,소매,기타 생활용품 소매,주방/가정용품 소매업,서울특별시 종로구 윤보선길 26,126.984060563517,37.577168480524
별미삼청수제비,음식,한식,국수/칼국수,서울특별시 종로구 삼청로 101-1,126.98193049022,37.5846013720651
라면땡기는날,음식,기타 간이,김밥/만두/분식,서울특별시 종로구 율곡로3길 82,126.982260080151,37.579294569875
삼청마트,소매,종합 소매,슈퍼마켓,서울특별시 종로구 팔판길 31,126.981115672629,37.5832227248075
향나무세구루,음식,한식,백반/한정식,서울특별시 종로구 삼청로 100,126.982168341479,37.5842049712257
이마트24정독천수점,소매,종합 소매,편의점,서울특별시 종로구 북촌로5길 52,126.982146780356,37.5796729702557
아원공방,소매,섬유·의복·신발 소매,액세서리/잡화 소매업,서울특별시 종로구 북촌로5가길 3,126.982203368205,37.5797450583142
한빛W.D.,과학·기술,광고,옥외/전시 광고 대행업,서울특별시 종로구 삼청로9길 11,126.981363845802,37.5868357466074
갤러리도올,소매,장식품 소매,예술품 소매업,서울특별시 종로구 삼청로 87,126.981681747354,37.5832318239441
스태프,과학·기술,사진 촬영,사진촬영업,서울특별시 종로구 율곡로 55,126.985407803706,37.5767271675152
두아트두DOARTDO,과학·기술,본사·경영 컨설팅,경영 컨설팅업,서울특별시 종로구 율곡로1길 44,126.980856659116,37.5778257302517
학고재,소매,장식품 소매,예술품 소매업,서울특별시 종로구 삼청로 50,126.980323890529,37.5804655550896
다이어트,교육,기타 교육,레크리에이션 교육기관,서울특별시 종로구 삼청로4길 12-1,126.982032977099,37.5821416758326
발상디자인랩,과학·기술,전문 디자인,인테리어 디자인업,서울특별시 종로구 삼청로 129,126.981488364202,37.5869348754114
로마네꽁띠,음식,서양식,경양식,서울특별시 종로구 북촌로1길 30-20,126.984320786688,37.57788931078
안국레져,소매,오락용품 소매,운동용품 소매업,서울특별시 종로구 율곡로 55,126.985407803706,37.5767271675152
오복당,음식,한식,백반/한정식,서울특별시 종로구 삼청로 110-1,126.982190725135,37.5852951763171
재선식품,소매,종합 소매,슈퍼마켓,서울특별시 종로구 삼청로 22-19,126.980347184028,37.5779878254883
갤러리아트링크,소매,장식품 소매,예술품 소매업,서울특별시 종로구 삼청로 22,126.979871732104,37.5779156658419
화동침구,소매,섬유·의복·신발 소매,침구류/커튼 소매업,서울특별시 종로구 윤보선길 19,126.983958735903,37.5768981684308
스파도드리,수리·개인,이용·미용,피부 관리실,서울특별시 종로구 삼청로 129,126.981488364202,37.5869348754114
문화공간아리랑,음식,비알코올 ,카페,서울특별시 종로구 삼청로4길 4,126.981670770412,37.5818262723961
갤러리조선,소매,장식품 소매,예술품 소매업,서울특별시 종로구 북촌로5길 64,126.981467453291,37.579943163732
갤러리피프틴,음식,서양식,경양식,서울특별시 종로구 삼청로 90-1,126.981987376835,37.583448109385
혜민공방,소매,장식품 소매,예술품 소매업,서울특별시 종로구 율곡로 53,126.985124816707,37.5765919830369
눈나무집,음식,한식,백반/한정식,서울특별시 종로구 삼청로 136-1,126.98188450672,37.5874755325372
스미스가좋아하는한옥,음식,서양식,경양식,서울특별시 종로구 삼청로 22-7,126.980075474123,37.5780328296499
상진빌딩,소매,장식품 소매,예술품 소매업,서울특별시 종로구 삼청로9길 5,126.981397892777,37.58651139455
인클레이주도예교습소,교육,기타 교육,기타 기술/직업 훈련학원,서울특별시 종로구 율곡로1길 52,126.980958456127,37.5781771344466
파툼,음식,비알코올 ,카페,서울특별시 종로구 삼청로 86-5,126.982168580024,37.5832048686871
다락정,음식,한식,백반/한정식,서울특별시 종로구 삼청로 131-1,126.981488288338,37.5872412129488
로뎀,소매,시계·귀금속 소매,시계/귀금속 소매업,서울특별시 종로구 삼청로 63,126.980719897428,37.5813666141681
갤러리담,소매,장식품 소매,예술품 소매업,서울특별시 종로구 윤보선길 72,126.983437506219,37.5790785023843
게스트하우스현,숙박,일반 숙박,여관/모텔,서울특별시 종로구 북촌로5나길 3-18,126.981987776256,37.5817902814493
비조카,소매,섬유·의복·신발 소매,액세서리/잡화 소매업,서울특별시 종로구 율곡로1길 74-7,126.981705501602,37.5786908192302
퀸스엔터테인먼트,시설관리·임대,기타 사업 서비스,전시/컨벤션/행사 대행 서비스업,서울특별시 종로구 북촌로1길 30-11,126.983935903118,37.577790149669
남도추어탕,음식,한식,국/탕/찌개류,서울특별시 종로구 삼청로 22-27,126.980539646089,37.5779518176053
조성룡도시건축연구소,과학·기술,기술 서비스,건축 설계 및 관련 서비스업,서울특별시 종로구 팔판길 1-8,126.980583719434,37.5826099629758
마나님Recipe,음식,한식,백반/한정식,서울특별시 종로구 윤보선길 65,126.98308661096,37.578844194181
수도사,수리·개인,세탁,세탁소,서울특별시 종로구 율곡로1길 76,126.98160361393,37.5786908033961
편안한집,음식,한식,백반/한정식,서울특별시 종로구 북촌로 133,126.983322458115,37.5873225756966
예인,소매,장식품 소매,예술품 소매업,서울특별시 종로구 율곡로 53,126.985124816707,37.5765919830369
푸딩다이아,소매,시계·귀금속 소매,시계/귀금속 소매업,서울특별시 종로구 윤보선길 12,126.984275759542,37.5766729624913
아듀로망스,소매,섬유·의복·신발 소매,여성 의류 소매업,서울특별시 종로구 윤보선길 34,126.983856708679,37.5775558803644
마당쇠,소매,장식품 소매,기념품점,서울특별시 종로구 북촌로5가길 39,126.981421869129,37.5811504882491
한벽원갤러리,시설관리·임대,기타 사업 서비스,전시/컨벤션/행사 대행 서비스업,서울특별시 종로구 삼청로 83,126.981568618584,37.5828804189047
motoelastico,과학·기술,기술 서비스,기타 엔지니어링 서비스업,서울특별시 종로구 북촌로11나길 16-7,126.982746165504,37.5823940604189
파툼,음식,서양식,경양식,서울특별시 종로구 삼청로 86-5,126.982168580024,37.5832048686871
공근혜갤러리,소매,장식품 소매,예술품 소매업,서울특별시 종로구 삼청로7길 38,126.97967761925,37.584024370044
아트앤맵,과학·기술,광고,광고물 설계/제작업,서울특별시 종로구 윤보선길 28,126.983969959911,37.5773486671154
삼청기차박물관,예술·스포츠,유원지·오락,기타 오락장,서울특별시 종로구 북촌로 147,126.982156359551,37.5869710179936
Cafe-D55,음식,비알코올 ,카페,서울특별시 종로구 삼청로5길 5,126.981353622694,37.5824298884041
국수명가,음식,한식,국수/칼국수,서울특별시 종로구 율곡로1길 54-1,126.980992388676,37.5782942691541
쿤스트,소매,장식품 소매,기념품점,서울특별시 종로구 북촌로5나길 28,126.982225511162,37.5818443771017
만수의정원,음식,한식,백반/한정식,서울특별시 종로구 북촌로5가길 35-2,126.981399251336,37.5810513753795
청원,시설관리·임대,청소·방제,건축물 일반 청소업,서울특별시 종로구 북촌로5나길 3-19,126.98189718823,37.5818623470797
긴자바이린,음식,서양식,경양식,서울특별시 종로구 율곡로1길 37,126.980483138805,37.5775824006476
종로매점,소매,종합 소매,슈퍼마켓,서울특별시 종로구 윤보선길 34,126.983856708679,37.5775558803644
57번가카페,음식,기타 간이,피자,서울특별시 종로구 율곡로3길 17,126.982600377282,37.5764204490074
커피브론즈,음식,비알코올 ,카페,서울특별시 종로구 율곡로5길 20,126.984853023492,37.5770874953763
카페지밥,음식,비알코올 ,카페,서울특별시 종로구 북촌로 137-19,126.982348833233,37.5869800568606
티아이엔와이,소매,섬유·의복·신발 소매,액세서리/잡화 소매업,서울특별시 종로구 북촌로5가길 10,126.982271217369,37.5800694263247
다사리아,음식,한식,백반/한정식,서울특별시 종로구 북촌로5나길 1,126.981636992317,37.581069432476
갤러리41,시설관리·임대,기타 사업 서비스,전시/컨벤션/행사 대행 서비스업,서울특별시 종로구 삼청로 22-31,126.980505716753,37.5778256728193
더집,소매,섬유·의복·신발 소매,여성 의류 소매업,서울특별시 종로구 북촌로5가길 37,126.981501135537,37.5810784212011
갤러리에이엠,과학·기술,전문 디자인,패션/섬유/기타 전문 디자인업,서울특별시 종로구 팔판길 23,126.981036506419,37.582889344555
소격동37번지KITCHEN,음식,비알코올 ,카페,서울특별시 종로구 삼청로2길 29-1,126.981512617157,37.5804297074918
지유가오카핫초메,음식,비알코올 ,카페,서울특별시 종로구 윤보선길 46,126.983686780529,37.5780964535314
색상,소매,장식품 소매,기념품점,서울특별시 종로구 팔판길 21,126.980991247957,37.5827812180625
조선김밥오백년,음식,기타 간이,김밥/만두/분식,서울특별시 종로구 율곡로3길 68,126.982226288657,37.5785737695595
갤러리도스,소매,장식품 소매,예술품 소매업,서울특별시 종로구 삼청로7길 37,126.979790908918,37.5837540915102
위뜨,소매,섬유·의복·신발 소매,액세서리/잡화 소매업,서울특별시 종로구 삼청로 65-5,126.9808443874,37.5815378232294
라디오엠,음식,비알코올 ,카페,서울특별시 종로구 삼청로2길 37-2,126.981274991063,37.5799611532374
갤러리일호,소매,장식품 소매,예술품 소매업,서울특별시 종로구 삼청로 127-2,126.981522363912,37.5867997318147
북촌자락,소매,기타 생활용품 소매,주방/가정용품 소매업,서울특별시 종로구 윤보선길 40,126.983811371338,37.5778081525413
갤러리진선,소매,장식품 소매,예술품 소매업,서울특별시 종로구 삼청로 59,126.980482141612,37.5814026148427
라시크,소매,섬유·의복·신발 소매,여성 의류 소매업,서울특별시 종로구 팔판길 33-1,126.981183570113,37.5833488747224
57th갤러리,소매,장식품 소매,예술품 소매업,서울특별시 종로구 율곡로3길 17,126.982600377282,37.5764204490074
남원,음식,한식,백반/한정식,서울특별시 종로구 북촌로5가길 44-2,126.98156896065,37.5814928889033
불교저널,과학·기술,광고,광고 대행업,서울특별시 종로구 윤보선길 35-4,126.983234036896,37.5777089625921
핸더스,교육,기타 교육,기타 예술/스포츠 교육기관,서울특별시 종로구 북촌로1길 30-4,126.984264266458,37.5774928657968
카페이드라,음식,비알코올 ,카페,서울특별시 종로구 윤보선길 18,126.984219092158,37.5769792930139
동백식당,음식,한식,백반/한정식,서울특별시 종로구 윤보선길 10,126.984253143113,37.5765558302049
키론히트,소매,장식품 소매,기념품점,서울특별시 종로구 북촌로5가길 15,126.981965516118,37.5802045290954
인스턴트루프,시설관리·임대,기타 사업 서비스,전시/컨벤션/행사 대행 서비스업,서울특별시 종로구 윤보선길 19-6,126.983766254727,37.5770423012133
에이하우스,숙박,일반 숙박,펜션,서울특별시 종로구 팔판길 32,126.981330790863,37.5831867192905
알이토프,소매,섬유·의복·신발 소매,기타 의류 소매업,서울특별시 종로구 윤보선길 65,126.98308661096,37.578844194181
용화당한의원,보건의료,의원,한의원,서울특별시 종로구 윤보선길 32,126.983902012738,37.5774567771824
학고재아트센터,소매,장식품 소매,예술품 소매업,서울특별시 종로구 삼청로 48-4,126.980459800494,37.5802493391482
도로시,소매,장식품 소매,예술품 소매업,서울특별시 종로구 삼청로 75-1,126.981455575802,37.5821866362135
갤러리재인,소매,장식품 소매,예술품 소매업,서울특별시 종로구 북촌로 143-6,126.98275640625,37.5870792263126
파이브울브즈,과학·기술,광고,광고 대행업,서울특별시 종로구 삼청로7길 19-32,126.981115643042,37.5833398539414
갤러리현대주,소매,장식품 소매,예술품 소매업,서울특별시 종로구 삼청로 14,126.979815293814,37.5773029801219
국제갤러리홀딩주,소매,장식품 소매,예술품 소매업,서울특별시 종로구 삼청로2길 34,126.981093763216,37.5803215218928
라비냐,소매,음료 소매,주류 소매업,서울특별시 종로구 북촌로1길 27,126.984219067439,37.5770964222739
경흥아메스주,소매,시계·귀금속 소매,시계/귀금속 소매업,서울특별시 종로구 율곡로 53,126.985124816707,37.5765919830369
국제갤러리주,소매,장식품 소매,예술품 소매업,서울특별시 종로구 삼청로 48-10,126.98078808659,37.5803485023545
시너지힐앤놀튼주,과학·기술,본사·경영 컨설팅,경영 컨설팅업,서울특별시 종로구 율곡로 33,126.983449529108,37.5759070042661
씨앤씨투어닷컴주,시설관리·임대,여행사·보조,여행사,서울특별시 종로구 삼청로 6,126.979860797202,37.5764830830354
현대화랑주,소매,장식품 소매,예술품 소매업,서울특별시 종로구 삼청로 8,126.979860753524,37.5766452620199
피케이엠갤러리,소매,장식품 소매,예술품 소매업,서울특별시 종로구 삼청로7길 40,126.980073858136,37.5840965170568
금강산닷컴주,시설관리·임대,여행사·보조,여행사,서울특별시 종로구 율곡로 53,126.985124816707,37.5765919830369
아트파크주,소매,장식품 소매,예술품 소매업,서울특별시 종로구 삼청로7길 25,126.980424917225,37.5837632082844
한국금융연수원,교육,기타 교육,직원 훈련기관,서울특별시 종로구 삼청로 118,126.981941470255,37.5860159328571
프로젝트스페이스사루비아,소매,장식품 소매,예술품 소매업,서울특별시 종로구 북촌로5길 45,126.982373268349,37.5793846862284
데바제2씨2,과학·기술,기술 서비스,건축 설계 및 관련 서비스업,서울특별시 종로구 율곡로 47,126.984592803547,37.5763396363624
혜성기획()주,과학·기술,인쇄·제품제작,명함/간판/광고물 제작,서울특별시 종로구 북촌로5나길 84-3,126.982983472214,37.5843402405308
두가헌,음식,서양식,경양식,서울특별시 종로구 율곡로1길 23,126.980268174186,37.5770958279996
씨디씨그룹주,과학·기술,본사·경영 컨설팅,경영 컨설팅업,서울특별시 종로구 북촌로 125-6,126.983164024994,37.5869801759473
바두바투주,숙박,일반 숙박,여관/모텔,서울특별시 종로구 율곡로1길 41,126.980641565409,37.577825695175
스페이스포컨템포러리아트,시설관리·임대,기타 사업 서비스,전시/컨벤션/행사 대행 서비스업,서울특별시 종로구 율곡로3길 74-18,126.982939439575,37.578844173003
선라이즈글로벌,시설관리·임대,여행사·보조,여행사,서울특별시 종로구 북촌로1길 27,126.984219067439,37.5770964222739
김현주갤러리주,소매,장식품 소매,예술품 소매업,서울특별시 종로구 삼청로7길 19-9,126.980979743105,37.5835020109254
이화익갤러리,소매,장식품 소매,예술품 소매업,서울특별시 종로구 율곡로3길 67,126.982011192797,37.5785737369779
단풍,음식,한식,돼지고기 구이/찜,서울특별시 종로구 삼청로 130,126.981986549668,37.5868808929199
콩두에프앤씨주,소매,식료품 소매,반찬/식료품 소매업,서울특별시 종로구 삼청로 129,126.981488364202,37.5869348754114
프렌치웍스주,소매,기타 생활용품 소매,주방/가정용품 소매업,서울특별시 종로구 팔판길 29,126.981127021462,37.5831146074156
큐브애드주,과학·기술,광고,광고물 설계/제작업,서울특별시 종로구 율곡로1길 40-7,126.98109444666,37.5776185399014
두우,과학·기술,기술 서비스,건축 설계 및 관련 서비스업,서울특별시 종로구 팔판길 6-4,126.980957467134,37.5820604178135
두레에프엔씨,음식,한식,백반/한정식,서울특별시 종로구 삼청로 30,126.98008663651,37.5786274876593
황생가,음식,한식,국수/칼국수,서울특별시 종로구 북촌로5길 78,126.980663624357,37.5800781838798
와이앤하우컨설팅,교육,기타 교육,직원 훈련기관,서울특별시 종로구 삼청로2길 29-1,126.981512617157,37.5804297074918
두아트,소매,장식품 소매,예술품 소매업,서울특별시 종로구 삼청로 14,126.979815293814,37.5773029801219
행복한식공간주,음식,한식,돼지고기 구이/찜,서울특별시 종로구 삼청로 124-2,126.982009330467,37.5863132708875
영양사아카데미플러스협동조합,과학·기술,본사·경영 컨설팅,경영 컨설팅업,서울특별시 종로구 북촌로11나길 1-10,126.983561439991,37.5817905110837
더씨에스알,과학·기술,본사·경영 컨설팅,경영 컨설팅업,서울특별시 종로구 율곡로 33,126.983449529108,37.5759070042661
북촌집,음식,한식,백반/한정식,서울특별시 종로구 팔판길 39-5,126.980945757694,37.5835830948444
한혜경의료기,소매,의약·화장품 소매,의료기기 소매업,서울특별시 종로구 삼청로 127-1,126.981533701573,37.5867366640901
그랑닷컴주,시설관리·임대,여행사·보조,여행사,서울특별시 종로구 율곡로 53,126.985124816707,37.5765919830369
송화미술관,소매,장식품 소매,예술품 소매업,서울특별시 종로구 삼청로 83,126.981568618584,37.5828804189047
인크리디블,과학·기술,전문 디자인,시각 디자인업,서울특별시 종로구 윤보선길 22,126.984094556047,37.577024326017
목단꽃이피었습니다.,소매,섬유·의복·신발 소매,기타 의류 소매업,서울특별시 종로구 북촌로5나길 9,126.982044532169,37.5811686044769
팔판동꼬마김밥&토스트,음식,기타 간이,김밥/만두/분식,서울특별시 종로구 팔판길 36,126.981342069672,37.5833579098151
자작나무이야기,음식,비알코올 ,카페,서울특별시 종로구 율곡로1길 74-15,126.981841356207,37.5786728203246
민경식건축연구소,과학·기술,기술 서비스,건축 설계 및 관련 서비스업,서울특별시 종로구 삼청로 129,126.981488364202,37.5869348754114
리예스,소매,의약·화장품 소매,화장품 소매업,서울특별시 종로구 삼청로 67,126.98103681494,37.5816730033432
소울베이,과학·기술,본사·경영 컨설팅,경영 컨설팅업,서울특별시 종로구 삼청로2길 37-2,126.981274991063,37.5799611532374
진주얼리,소매,섬유·의복·신발 소매,액세서리/잡화 소매업,서울특별시 종로구 팔판길 33-1,126.981183570113,37.5833488747224
바지락칼국수,음식,한식,국수/칼국수,서울특별시 종로구 율곡로5길 3-11,126.984649357942,37.5765739022799
이호소락,숙박,기타 숙박,그 외 기타 숙박업,서울특별시 종로구 북촌로5가길 17-8,126.981671170204,37.5801954738212
헵타,소매,장식품 소매,예술품 소매업,서울특별시 종로구 삼청로10길 24,126.982099643297,37.5874124958669
시래기담은,음식,한식,백반/한정식,서울특별시 종로구 삼청로 65-2,126.980968907758,37.5815919029884
세종종합건축사사무소,과학·기술,기술 서비스,건축 설계 및 관련 서비스업,서울특별시 종로구 북촌로5길 43,126.98254309323,37.5793396617657
리아네이처삼청지점,소매,의약·화장품 소매,화장품 소매업,서울특별시 종로구 삼청로 67,126.98103681494,37.5816730033432
벨라도나,소매,종합 소매,그 외 기타 종합 소매업,서울특별시 종로구 율곡로3길 69,126.98195456253,37.5786818476251
스테이256,숙박,일반 숙박,펜션,서울특별시 종로구 팔판길 25-6,126.980934555584,37.5831145764867
청엠아트컴퍼니,소매,장식품 소매,예술품 소매업,서울특별시 종로구 북촌로5길 66,126.98138821721,37.5798981015714
이다한옥,과학·기술,사진 촬영,사진촬영업,서울특별시 종로구 북촌로15길 56,126.983323095315,37.5844664280501
북촌국악체험공방'국악사랑',예술·스포츠,유원지·오락,기타 오락관련 서비스업,서울특별시 종로구 삼청로7나길 26,126.979926802215,37.5836279756339
두우컨설팅주,과학·기술,본사·경영 컨설팅,경영 컨설팅업,서울특별시 종로구 삼청로2길 37-2,126.981274991063,37.5799611532374
롱지튜드원,과학·기술,광고,광고 대행업,서울특별시 종로구 율곡로 33,126.983449529108,37.5759070042661
0100크리에이티브,과학·기술,본사·경영 컨설팅,경영 컨설팅업,서울특별시 종로구 율곡로1길 44,126.980856659116,37.5778257302517
이태리재,음식,서양식,경양식,서울특별시 종로구 율곡로1길 74-9,126.981728116886,37.5787989420211
소격동105번지,소매,섬유·의복·신발 소매,기타 의류 소매업,서울특별시 종로구 북촌로5가길 21,126.981806959589,37.5804567830368
하라컴퍼니사이에,소매,오락용품 소매,서점,서울특별시 종로구 북촌로 125-6,126.983164024994,37.5869801759473
걸스카우트서울수품보급소,소매,섬유·의복·신발 소매,기타 의류 소매업,서울특별시 종로구 율곡로 47,126.984592803547,37.5763396363624
하늘교육여행사주,시설관리·임대,여행사·보조,여행사,서울특별시 종로구 북촌로 137-13,126.982654534324,37.5869620823223
질경이우리옷,소매,섬유·의복·신발 소매,한복 소매업,서울특별시 종로구 삼청로 88,126.981976113912,37.5832048394564
심여화랑,소매,장식품 소매,예술품 소매업,서울특별시 종로구 율곡로1길 40-3,126.980924631712,37.5776365324681
고송갤러리,소매,장식품 소매,예술품 소매업,서울특별시 종로구 율곡로 55,126.985407803706,37.5767271675152
에스피특허법률사무소,과학·기술,법무관련 ,변리사,서울특별시 종로구 율곡로 33,126.983449529108,37.5759070042661
삼청빙수카페,음식,비알코올 ,카페,서울특별시 종로구 삼청로 84-1,126.981987485377,37.5829976127095
삼청동게스트하우스,숙박,일반 숙박,펜션,서울특별시 종로구 삼청로4길 12-1,126.982032977099,37.5821416758326
리안커뮤니케이션즈,과학·기술,광고,광고 대행업,서울특별시 종로구 삼청로10길 24,126.982099643297,37.5874124958669
엠에프케이주,소매,장식품 소매,예술품 소매업,서울특별시 종로구 삼청로 48,126.980244723622,37.5801592039661
아트비앤,소매,장식품 소매,예술품 소매업,서울특별시 종로구 삼청로 22-31,126.980505716753,37.5778256728193
법률사무소기린,과학·기술,법무관련 ,변호사,서울특별시 종로구 율곡로 47,126.984592803547,37.5763396363624
효재네뜰,소매,섬유·의복·신발 소매,기타 의류 소매업,서울특별시 종로구 삼청로 124,126.981828180549,37.5863042332098
꼬꼬매니아,소매,장식품 소매,기념품점,서울특별시 종로구 삼청로 125,126.98155638573,37.5865744889222
빛의하루,과학·기술,사진 촬영,사진촬영업,서울특별시 종로구 북촌로5나길 84,126.982791028068,37.584232093445
헬로오렌지,과학·기술,광고,광고물 설계/제작업,서울특별시 종로구 삼청로 108-20,126.982926653784,37.5852592453331
밀레삼청,소매,섬유·의복·신발 소매,기타 의류 소매업,서울특별시 종로구 삼청로 61,126.980618020124,37.5813125378644
황생가에프앤비,음식,한식,국수/칼국수,서울특별시 종로구 북촌로5길 78,126.980663624357,37.5800781838798
새김아트한국전각예술원,소매,장식품 소매,예술품 소매업,서울특별시 종로구 북촌로 134-1,126.983446918072,37.5877010101623
과수원갤러리,소매,장식품 소매,예술품 소매업,서울특별시 종로구 삼청로 106-9,126.982621022561,37.585006922665
오와이케이,소매,섬유·의복·신발 소매,여성 의류 소매업,서울특별시 종로구 윤보선길 69,126.983188444146,37.5790874771173
아리,소매,섬유·의복·신발 소매,여성 의류 소매업,서울특별시 종로구 윤보선길 23,126.983913422566,37.5770423213596
기사,음식,한식,백반/한정식,서울특별시 종로구 북촌로5나길 3-15,126.981829290891,37.5817361975434
맹그로브아트웍스,과학·기술,전문 디자인,시각 디자인업,서울특별시 종로구 북촌로11길 78-3,126.983436384453,37.5841420864419
슬로푸드문화원,교육,교육 지원,기타 교육지원 서비스업,서울특별시 종로구 삼청로 22-31,126.980505716753,37.5778256728193
아레나와플,음식,기타 간이,김밥/만두/분식,서울특별시 종로구 율곡로3길 64,126.982248958133,37.578456643737
언코르크드,음식,주점,요리 주점,서울특별시 종로구 율곡로 55,126.985407803706,37.5767271675152
보뜨,음식,비알코올 ,카페,서울특별시 종로구 윤보선길 28,126.983969959911,37.5773486671154
쿼드,음식,비알코올 ,카페,서울특별시 종로구 삼청로 22-21,126.980618846901,37.5781230195284
삼청순대국추어탕,음식,한식,백반/한정식,서울특별시 종로구 삼청로 101,126.981851270798,37.5844662109342
북촌사진관,과학·기술,사진 촬영,사진촬영업,서울특별시 종로구 윤보선길 65,126.98308661096,37.578844194181
서울의하루,과학·기술,사진 촬영,사진촬영업,서울특별시 종로구 팔판길 25-13,126.980843997258,37.5830605022214
제로한엑스,소매,시계·귀금속 소매,시계/귀금속 소매업,서울특별시 종로구 팔판길 21,126.980991247957,37.5827812180625
비알배스킨라빈스삼청마당점,음식,기타 간이,아이스크림/빙수,서울특별시 종로구 율곡로3길 74-1,126.982248825516,37.579015260041
갤러리원,소매,장식품 소매,기념품점,서울특별시 종로구 팔판길 1-12,126.980470486147,37.582682023774
엠피케이원바이오메드투,과학·기술,본사·경영 컨설팅,경영 컨설팅업,서울특별시 종로구 삼청로 108-6,126.982451170046,37.585115016708
북촌여행,소매,섬유·의복·신발 소매,액세서리/잡화 소매업,서울특별시 종로구 북촌로5가길 28,126.981795559494,37.5807811390409
제이알,시설관리·임대,고용 알선,상용 인력 공급 및 인사관리 서비스업,서울특별시 종로구 북촌로5가길 18,126.98207869454,37.5803396954074
